ratio 1,ratio 2,ratio 3,ratio 4,ratio 5
2.012559012585656,1.3183227155199961,0.9477783581127696,0.8105208080954405,1.4703923576562843
